Path,Filename,StartSecond,EndSecond,MainClassification,ConfidenceScore,ConfidenceVector
Downsampled AQUI TAMBIÉN/Tarifa 2 SYLENCE/BUENOS/channelA_2024-05-27_21-43-19_48kHz.wav,channelA_2024-05-27_21-43-19_48kHz.wav,288,291,Whistle,0.56402147,"[0.435978502035141, 0.5640214681625366]"
Downsampled AQUI TAMBIÉN/Tarifa 2 SYLENCE/BUENOS/channelA_2024-05-27_21-48-19_48kHz.wav,channelA_2024-05-27_21-48-19_48kHz.wav,0,3,Whistle,0.9783564,"[0.02164352871477604, 0.9783564209938049]"
Downsampled AQUI TAMBIÉN/Tarifa 2 SYLENCE/BUENOS/channelA_2024-05-27_21-48-19_48kHz.wav,channelA_2024-05-27_21-48-19_48kHz.wav,24,27,Whistle,0.559729,"[0.4402709901332855, 0.5597289800643921]"
Downsampled AQUI TAMBIÉN/Tarifa 2 SYLENCE/BUENOS/channelA_2024-05-27_21-48-19_48kHz.wav,channelA_2024-05-27_21-48-19_48kHz.wav,42,45,Whistle,0.99931884,"[0.0006812208448536694, 0.9993188381195068]"
Downsampled AQUI TAMBIÉN/Tarifa 2 SYLENCE/BUENOS/channelA_2024-05-27_21-48-19_48kHz.wav,channelA_2024-05-27_21-48-19_48kHz.wav,48,51,Whistle,0.90074444,"[0.09925549477338791, 0.9007444381713867]"
Downsampled AQUI TAMBIÉN/Tarifa 2 SYLENCE/BUENOS/channelA_2024-05-27_21-48-19_48kHz.wav,channelA_2024-05-27_21-48-19_48kHz.wav,51,54,Whistle,0.811521,"[0.18847902119159698, 0.8115209937095642]"
Downsampled AQUI TAMBIÉN/Tarifa 2 SYLENCE/BUENOS/channelA_2024-05-27_21-48-19_48kHz.wav,channelA_2024-05-27_21-48-19_48kHz.wav,72,75,Whistle,0.99994993,"[5.009893357055262e-05, 0.9999499320983887]"
Downsampled AQUI TAMBIÉN/Tarifa 2 SYLENCE/BUENOS/channelA_2024-05-27_21-48-19_48kHz.wav,channelA_2024-05-27_21-48-19_48kHz.wav,81,84,Whistle,0.9999932,"[6.8441863732005e-06, 0.9999932050704956]"
Downsampled AQUI TAMBIÉN/Tarifa 2 SYLENCE/BUENOS/channelA_2024-05-27_21-48-19_48kHz.wav,channelA_2024-05-27_21-48-19_48kHz.wav,84,87,Whistle,0.9907212,"[0.009278811514377594, 0.9907212257385254]"
Downsampled AQUI TAMBIÉN/Tarifa 2 SYLENCE/BUENOS/channelA_2024-05-27_21-48-19_48kHz.wav,channelA_2024-05-27_21-48-19_48kHz.wav,87,90,Whistle,0.56910855,"[0.43089136481285095, 0.5691085457801819]"
Downsampled AQUI TAMBIÉN/Tarifa 2 SYLENCE/BUENOS/channelA_2024-05-27_21-48-19_48kHz.wav,channelA_2024-05-27_21-48-19_48kHz.wav,90,93,Whistle,0.9386188,"[0.06138114631175995, 0.9386187791824341]"
Downsampled AQUI TAMBIÉN/Tarifa 2 SYLENCE/BUENOS/channelA_2024-05-27_21-48-19_48kHz.wav,channelA_2024-05-27_21-48-19_48kHz.wav,105,108,Whistle,0.9093441,"[0.09065590798854828, 0.9093440771102905]"
Downsampled AQUI TAMBIÉN/Tarifa 2 SYLENCE/BUENOS/channelA_2024-05-27_21-48-19_48kHz.wav,channelA_2024-05-27_21-48-19_48kHz.wav,108,111,Whistle,0.9758607,"[0.024139277637004852, 0.9758607149124146]"
Downsampled AQUI TAMBIÉN/Tarifa 2 SYLENCE/BUENOS/channelA_2024-05-27_21-48-19_48kHz.wav,channelA_2024-05-27_21-48-19_48kHz.wav,111,114,Whistle,0.99999046,"[9.527184374746867e-06, 0.9999904632568359]"
Downsampled AQUI TAMBIÉN/Tarifa 2 SYLENCE/BUENOS/channelA_2024-05-27_21-48-19_48kHz.wav,channelA_2024-05-27_21-48-19_48kHz.wav,114,117,Whistle,0.99992716,"[7.280856516445056e-05, 0.9999271631240845]"
Downsampled AQUI TAMBIÉN/Tarifa 2 SYLENCE/BUENOS/channelA_2024-05-27_21-48-19_48kHz.wav,channelA_2024-05-27_21-48-19_48kHz.wav,120,123,Whistle,0.53930587,"[0.4606941044330597, 0.5393058657646179]"
Downsampled AQUI TAMBIÉN/Tarifa 2 SYLENCE/BUENOS/channelA_2024-05-27_21-48-19_48kHz.wav,channelA_2024-05-27_21-48-19_48kHz.wav,126,129,Whistle,0.99993515,"[6.48788918624632e-05, 0.9999351501464844]"
Downsampled AQUI TAMBIÉN/Tarifa 2 SYLENCE/BUENOS/channelA_2024-05-27_21-48-19_48kHz.wav,channelA_2024-05-27_21-48-19_48kHz.wav,132,135,Whistle,0.84296435,"[0.15703566372394562, 0.8429643511772156]"
Downsampled AQUI TAMBIÉN/Tarifa 2 SYLENCE/BUENOS/channelA_2024-05-27_21-48-19_48kHz.wav,channelA_2024-05-27_21-48-19_48kHz.wav,135,138,Whistle,0.97949535,"[0.02050456590950489, 0.9794953465461731]"
Downsampled AQUI TAMBIÉN/Tarifa 2 SYLENCE/BUENOS/channelA_2024-05-27_21-48-19_48kHz.wav,channelA_2024-05-27_21-48-19_48kHz.wav,141,144,Whistle,0.9913436,"[0.008656387217342854, 0.99134361743927]"
Downsampled AQUI TAMBIÉN/Tarifa 2 SYLENCE/BUENOS/channelA_2024-05-27_21-48-19_48kHz.wav,channelA_2024-05-27_21-48-19_48kHz.wav,144,147,Whistle,0.99997973,"[2.0249261069693603e-05, 0.9999797344207764]"
Downsampled AQUI TAMBIÉN/Tarifa 2 SYLENCE/BUENOS/channelA_2024-05-27_21-48-19_48kHz.wav,channelA_2024-05-27_21-48-19_48kHz.wav,147,150,Whistle,0.9999956,"[4.44839906776906e-06, 0.9999955892562866]"
Downsampled AQUI TAMBIÉN/Tarifa 2 SYLENCE/BUENOS/channelA_2024-05-27_21-48-19_48kHz.wav,channelA_2024-05-27_21-48-19_48kHz.wav,150,153,Whistle,0.99998415,"[1.5894334865151905e-05, 0.9999841451644897]"
Downsampled AQUI TAMBIÉN/Tarifa 2 SYLENCE/BUENOS/channelA_2024-05-27_21-48-19_48kHz.wav,channelA_2024-05-27_21-48-19_48kHz.wav,153,156,Whistle,0.9999974,"[2.662151473487029e-06, 0.9999973773956299]"
Downsampled AQUI TAMBIÉN/Tarifa 2 SYLENCE/BUENOS/channelA_2024-05-27_21-48-19_48kHz.wav,channelA_2024-05-27_21-48-19_48kHz.wav,156,159,Whistle,0.9999881,"[1.190432067232905e-05, 0.9999880790710449]"
Downsampled AQUI TAMBIÉN/Tarifa 2 SYLENCE/BUENOS/channelA_2024-05-27_21-48-19_48kHz.wav,channelA_2024-05-27_21-48-19_48kHz.wav,162,165,Whistle,0.5763105,"[0.42368945479393005, 0.5763105154037476]"
Downsampled AQUI TAMBIÉN/Tarifa 2 SYLENCE/BUENOS/channelA_2024-05-27_21-48-19_48kHz.wav,channelA_2024-05-27_21-48-19_48kHz.wav,165,168,Whistle,0.8453367,"[0.1546632945537567, 0.8453366756439209]"
Downsampled AQUI TAMBIÉN/Tarifa 2 SYLENCE/BUENOS/channelA_2024-05-27_21-48-19_48kHz.wav,channelA_2024-05-27_21-48-19_48kHz.wav,168,171,Whistle,0.9992353,"[0.0007646821322850883, 0.9992352724075317]"
Downsampled AQUI TAMBIÉN/Tarifa 2 SYLENCE/BUENOS/channelA_2024-05-27_21-48-19_48kHz.wav,channelA_2024-05-27_21-48-19_48kHz.wav,174,177,Whistle,0.9177319,"[0.08226814866065979, 0.9177318811416626]"
Downsampled AQUI TAMBIÉN/Tarifa 2 SYLENCE/BUENOS/channelA_2024-05-27_21-48-19_48kHz.wav,channelA_2024-05-27_21-48-19_48kHz.wav,177,180,Whistle,0.9922162,"[0.007783738896250725, 0.9922162294387817]"
Downsampled AQUI TAMBIÉN/Tarifa 2 SYLENCE/BUENOS/channelA_2024-05-27_21-48-19_48kHz.wav,channelA_2024-05-27_21-48-19_48kHz.wav,180,183,Whistle,0.9973763,"[0.0026236975099891424, 0.9973763227462769]"
Downsampled AQUI TAMBIÉN/Tarifa 2 SYLENCE/BUENOS/channelA_2024-05-27_21-48-19_48kHz.wav,channelA_2024-05-27_21-48-19_48kHz.wav,183,186,Whistle,0.99855787,"[0.001442184206098318, 0.9985578656196594]"
Downsampled AQUI TAMBIÉN/Tarifa 2 SYLENCE/BUENOS/channelA_2024-05-27_21-48-19_48kHz.wav,channelA_2024-05-27_21-48-19_48kHz.wav,186,189,Whistle,0.9990594,"[0.0009406888857483864, 0.9990593791007996]"
Downsampled AQUI TAMBIÉN/Tarifa 2 SYLENCE/BUENOS/channelA_2024-05-27_21-48-19_48kHz.wav,channelA_2024-05-27_21-48-19_48kHz.wav,189,192,Whistle,0.9998406,"[0.00015941685705911368, 0.9998406171798706]"
Downsampled AQUI TAMBIÉN/Tarifa 2 SYLENCE/BUENOS/channelA_2024-05-27_21-48-19_48kHz.wav,channelA_2024-05-27_21-48-19_48kHz.wav,192,195,Whistle,0.8521345,"[0.14786551892757416, 0.8521345257759094]"
Downsampled AQUI TAMBIÉN/Tarifa 2 SYLENCE/BUENOS/channelA_2024-05-27_21-48-19_48kHz.wav,channelA_2024-05-27_21-48-19_48kHz.wav,198,201,Whistle,0.9583951,"[0.041604895144701004, 0.9583951234817505]"
Downsampled AQUI TAMBIÉN/Tarifa 2 SYLENCE/BUENOS/channelA_2024-05-27_21-48-19_48kHz.wav,channelA_2024-05-27_21-48-19_48kHz.wav,219,222,Whistle,0.96751493,"[0.03248506784439087, 0.9675149321556091]"
Downsampled AQUI TAMBIÉN/Tarifa 2 SYLENCE/BUENOS/channelA_2024-05-27_21-48-19_48kHz.wav,channelA_2024-05-27_21-48-19_48kHz.wav,222,225,Whistle,0.897157,"[0.10284304618835449, 0.8971570134162903]"
Downsampled AQUI TAMBIÉN/Tarifa 2 SYLENCE/BUENOS/channelA_2024-05-27_21-48-19_48kHz.wav,channelA_2024-05-27_21-48-19_48kHz.wav,249,252,Whistle,0.9996284,"[0.00037151097785681486, 0.9996284246444702]"
Downsampled AQUI TAMBIÉN/Tarifa 2 SYLENCE/BUENOS/channelA_2024-05-28_01-21-47_48kHz.wav,channelA_2024-05-28_01-21-47_48kHz.wav,249,252,Whistle,0.5609731,"[0.4390268325805664, 0.5609731078147888]"
Downsampled AQUI TAMBIÉN/Tarifa 2 SYLENCE/BUENOS/channelA_2024-05-28_01-21-47_48kHz.wav,channelA_2024-05-28_01-21-47_48kHz.wav,273,276,Whistle,0.90019727,"[0.09980273246765137, 0.9001972675323486]"
Downsampled AQUI TAMBIÉN/Tarifa 2 SYLENCE/BUENOS/channelA_2024-05-28_01-21-47_48kHz.wav,channelA_2024-05-28_01-21-47_48kHz.wav,276,279,Whistle,0.74121714,"[0.2587828040122986, 0.7412171363830566]"
Downsampled AQUI TAMBIÉN/Tarifa 2 SYLENCE/BUENOS/channelA_2024-05-28_01-26-47_48kHz.wav,channelA_2024-05-28_01-26-47_48kHz.wav,6,9,Whistle,0.94204456,"[0.05795550346374512, 0.9420445561408997]"
Downsampled AQUI TAMBIÉN/Tarifa 2 SYLENCE/BUENOS/channelA_2024-05-28_01-26-47_48kHz.wav,channelA_2024-05-28_01-26-47_48kHz.wav,9,12,Whistle,0.99999976,"[2.0985370952075755e-07, 0.9999997615814209]"
Downsampled AQUI TAMBIÉN/Tarifa 2 SYLENCE/BUENOS/channelA_2024-05-28_01-26-47_48kHz.wav,channelA_2024-05-28_01-26-47_48kHz.wav,15,18,Whistle,0.9940957,"[0.005904331803321838, 0.9940956830978394]"
Downsampled AQUI TAMBIÉN/Tarifa 2 SYLENCE/BUENOS/channelA_2024-05-28_01-26-47_48kHz.wav,channelA_2024-05-28_01-26-47_48kHz.wav,21,24,Whistle,0.7623898,"[0.23761028051376343, 0.7623897790908813]"
Downsampled AQUI TAMBIÉN/Tarifa 2 SYLENCE/BUENOS/channelA_2024-05-28_01-26-47_48kHz.wav,channelA_2024-05-28_01-26-47_48kHz.wav,24,27,Whistle,0.998995,"[0.0010049485135823488, 0.9989950060844421]"
Downsampled AQUI TAMBIÉN/Tarifa 2 SYLENCE/BUENOS/channelA_2024-05-28_01-26-47_48kHz.wav,channelA_2024-05-28_01-26-47_48kHz.wav,27,30,Whistle,0.9930577,"[0.006942312698811293, 0.9930577278137207]"
Downsampled AQUI TAMBIÉN/Tarifa 2 SYLENCE/BUENOS/channelA_2024-05-28_01-26-47_48kHz.wav,channelA_2024-05-28_01-26-47_48kHz.wav,30,33,Whistle,0.7066848,"[0.29331523180007935, 0.7066848278045654]"
Downsampled AQUI TAMBIÉN/Tarifa 2 SYLENCE/BUENOS/channelA_2024-05-28_01-26-47_48kHz.wav,channelA_2024-05-28_01-26-47_48kHz.wav,33,36,Whistle,0.60626155,"[0.3937384784221649, 0.6062615513801575]"
Downsampled AQUI TAMBIÉN/Tarifa 2 SYLENCE/BUENOS/channelA_2024-05-28_01-26-47_48kHz.wav,channelA_2024-05-28_01-26-47_48kHz.wav,36,39,Whistle,0.9905652,"[0.009434868581593037, 0.9905651807785034]"
Downsampled AQUI TAMBIÉN/Tarifa 2 SYLENCE/BUENOS/channelA_2024-05-28_01-26-47_48kHz.wav,channelA_2024-05-28_01-26-47_48kHz.wav,39,42,Whistle,0.6384482,"[0.36155179142951965, 0.638448178768158]"
Downsampled AQUI TAMBIÉN/Tarifa 2 SYLENCE/BUENOS/channelA_2024-05-28_01-26-47_48kHz.wav,channelA_2024-05-28_01-26-47_48kHz.wav,57,60,Whistle,0.99839455,"[0.001605440629646182, 0.9983945488929749]"
Downsampled AQUI TAMBIÉN/Tarifa 2 SYLENCE/BUENOS/channelA_2024-05-28_01-26-47_48kHz.wav,channelA_2024-05-28_01-26-47_48kHz.wav,60,63,Whistle,0.9999989,"[1.0876301530515775e-06, 0.999998927116394]"
Downsampled AQUI TAMBIÉN/Tarifa 2 SYLENCE/BUENOS/channelA_2024-05-28_01-26-47_48kHz.wav,channelA_2024-05-28_01-26-47_48kHz.wav,63,66,Whistle,0.9994105,"[0.0005895273061469197, 0.9994105100631714]"
Downsampled AQUI TAMBIÉN/Tarifa 2 SYLENCE/BUENOS/channelA_2024-05-28_01-26-47_48kHz.wav,channelA_2024-05-28_01-26-47_48kHz.wav,66,69,Whistle,0.97168463,"[0.028315352275967598, 0.9716846346855164]"
Downsampled AQUI TAMBIÉN/Tarifa 2 SYLENCE/BUENOS/channelA_2024-05-28_01-26-47_48kHz.wav,channelA_2024-05-28_01-26-47_48kHz.wav,72,75,Whistle,0.9670116,"[0.03298845514655113, 0.967011570930481]"
Downsampled AQUI TAMBIÉN/Tarifa 2 SYLENCE/BUENOS/channelA_2024-05-28_01-26-47_48kHz.wav,channelA_2024-05-28_01-26-47_48kHz.wav,75,78,Whistle,0.85844046,"[0.14155951142311096, 0.8584404587745667]"
Downsampled AQUI TAMBIÉN/Tarifa 2 SYLENCE/BUENOS/channelA_2024-05-28_01-31-47_48kHz.wav,channelA_2024-05-28_01-31-47_48kHz.wav,18,21,Whistle,0.6047298,"[0.39527028799057007, 0.6047297716140747]"
Downsampled AQUI TAMBIÉN/Tarifa 2 SYLENCE/BUENOS/channelA_2024-05-28_01-31-47_48kHz.wav,channelA_2024-05-28_01-31-47_48kHz.wav,21,24,Whistle,0.9999999,"[6.61285071146267e-08, 0.9999998807907104]"
Downsampled AQUI TAMBIÉN/Tarifa 2 SYLENCE/BUENOS/channelA_2024-05-28_01-31-47_48kHz.wav,channelA_2024-05-28_01-31-47_48kHz.wav,24,27,Whistle,1.0,"[2.462276960102372e-08, 1.0]"
Downsampled AQUI TAMBIÉN/Tarifa 2 SYLENCE/BUENOS/channelA_2024-05-28_01-31-47_48kHz.wav,channelA_2024-05-28_01-31-47_48kHz.wav,27,30,Whistle,1.0,"[1.5598049074583287e-08, 1.0]"
Downsampled AQUI TAMBIÉN/Tarifa 2 SYLENCE/BUENOS/channelA_2024-05-28_01-31-47_48kHz.wav,channelA_2024-05-28_01-31-47_48kHz.wav,30,33,Whistle,0.9999976,"[2.3951865841809195e-06, 0.999997615814209]"
Downsampled AQUI TAMBIÉN/Tarifa 2 SYLENCE/BUENOS/channelA_2024-05-28_01-31-47_48kHz.wav,channelA_2024-05-28_01-31-47_48kHz.wav,36,39,Whistle,0.9999999,"[1.219909222527349e-07, 0.9999998807907104]"
Downsampled AQUI TAMBIÉN/Tarifa 2 SYLENCE/BUENOS/channelA_2024-05-28_08-43-47_48kHz.wav,channelA_2024-05-28_08-43-47_48kHz.wav,282,285,Whistle,0.5510314,"[0.4489686191082001, 0.5510314106941223]"
Downsampled AQUI TAMBIÉN/Tarifa 2 SYLENCE/BUENOS/channelA_2024-05-28_09-56-11_48kHz.wav,channelA_2024-05-28_09-56-11_48kHz.wav,75,78,Whistle,0.7075414,"[0.29245859384536743, 0.7075414061546326]"
Downsampled AQUI TAMBIÉN/Tarifa 2 SYLENCE/BUENOS/channelA_2024-05-28_15-23-56_48kHz.wav,channelA_2024-05-28_15-23-56_48kHz.wav,102,105,Whistle,0.63782287,"[0.3621771037578583, 0.6378228664398193]"
Downsampled AQUI TAMBIÉN/Tarifa 2 SYLENCE/BUENOS/channelA_2024-05-28_16-39-28_48kHz.wav,channelA_2024-05-28_16-39-28_48kHz.wav,45,48,Whistle,0.74959034,"[0.25040963292121887, 0.7495903372764587]"
Downsampled AQUI TAMBIÉN/Tarifa 2 SYLENCE/BUENOS/channelA_2024-05-28_17-45-01_48kHz.wav,channelA_2024-05-28_17-45-01_48kHz.wav,75,78,Whistle,0.62672895,"[0.37327107787132263, 0.6267289519309998]"
Downsampled AQUI TAMBIÉN/Tarifa 2 SYLENCE/BUENOS/channelA_2024-05-28_17-45-01_48kHz.wav,channelA_2024-05-28_17-45-01_48kHz.wav,126,129,Whistle,0.5712303,"[0.4287697374820709, 0.5712302923202515]"
Downsampled AQUI TAMBIÉN/Tarifa 2 SYLENCE/BUENOS/channelA_2024-05-28_17-56-52_48kHz.wav,channelA_2024-05-28_17-56-52_48kHz.wav,243,246,Whistle,0.530373,"[0.4696269631385803, 0.5303729772567749]"
Downsampled AQUI TAMBIÉN/Tarifa 2 SYLENCE/BUENOS/channelA_2024-05-28_17-56-52_48kHz.wav,channelA_2024-05-28_17-56-52_48kHz.wav,261,264,Whistle,0.748642,"[0.25135794281959534, 0.7486420273780823]"
Downsampled AQUI TAMBIÉN/Tarifa 2 SYLENCE/BUENOS/channelA_2024-05-28_17-56-52_48kHz.wav,channelA_2024-05-28_17-56-52_48kHz.wav,270,273,Whistle,0.63740826,"[0.36259177327156067, 0.6374082565307617]"
Downsampled AQUI TAMBIÉN/Tarifa 2 SYLENCE/BUENOS/channelA_2024-05-28_17-56-52_48kHz.wav,channelA_2024-05-28_17-56-52_48kHz.wav,276,279,Whistle,0.7069852,"[0.2930148243904114, 0.7069851756095886]"
Downsampled AQUI TAMBIÉN/Tarifa 2 SYLENCE/BUENOS/channelA_2024-05-29_08-30-51_48kHz.wav,channelA_2024-05-29_08-30-51_48kHz.wav,201,204,Whistle,0.6053132,"[0.3946867883205414, 0.6053131818771362]"
Downsampled AQUI TAMBIÉN/Tarifa 2 SYLENCE/BUENOS/channelA_2024-05-29_17-58-57_48kHz.wav,channelA_2024-05-29_17-58-57_48kHz.wav,237,240,Whistle,0.78518814,"[0.2148118019104004, 0.7851881384849548]"
Downsampled AQUI TAMBIÉN/Tarifa 2 SYLENCE/BUENOS/channelA_2024-05-29_17-58-57_48kHz.wav,channelA_2024-05-29_17-58-57_48kHz.wav,246,249,Whistle,0.73570895,"[0.26429104804992676, 0.7357089519500732]"
Downsampled AQUI TAMBIÉN/Tarifa 2 SYLENCE/BUENOS/channelA_2024-05-29_17-58-57_48kHz.wav,channelA_2024-05-29_17-58-57_48kHz.wav,249,252,Whistle,0.7272338,"[0.27276620268821716, 0.7272338271141052]"
Downsampled AQUI TAMBIÉN/Tarifa 2 SYLENCE/BUENOS/channelA_2024-05-29_17-58-57_48kHz.wav,channelA_2024-05-29_17-58-57_48kHz.wav,252,255,Whistle,0.99884725,"[0.0011526922462508082, 0.998847246170044]"
Downsampled AQUI TAMBIÉN/Tarifa 2 SYLENCE/BUENOS/channelA_2024-05-29_17-58-57_48kHz.wav,channelA_2024-05-29_17-58-57_48kHz.wav,258,261,Whistle,0.97259045,"[0.027409609407186508, 0.972590446472168]"
Downsampled AQUI TAMBIÉN/Tarifa 2 SYLENCE/BUENOS/channelA_2024-05-29_17-58-57_48kHz.wav,channelA_2024-05-29_17-58-57_48kHz.wav,297,300,Whistle,0.7231159,"[0.2768840789794922, 0.7231159210205078]"
Downsampled AQUI TAMBIÉN/Tarifa 2 SYLENCE/BUENOS/channelA_2024-05-29_18-03-57_48kHz.wav,channelA_2024-05-29_18-03-57_48kHz.wav,3,6,Whistle,0.8257038,"[0.17429621517658234, 0.8257037997245789]"
Downsampled AQUI TAMBIÉN/Tarifa 2 SYLENCE/BUENOS/channelA_2024-05-30_09-21-37_48kHz.wav,channelA_2024-05-30_09-21-37_48kHz.wav,189,192,Whistle,0.7579976,"[0.2420024871826172, 0.7579975724220276]"
Downsampled AQUI TAMBIÉN/Tarifa 2 SYLENCE/BUENOS/channelA_2024-05-30_10-27-10_48kHz.wav,channelA_2024-05-30_10-27-10_48kHz.wav,132,135,Whistle,0.7364639,"[0.26353609561920166, 0.7364639043807983]"
Downsampled AQUI TAMBIÉN/Tarifa 2 SYLENCE/BUENOS/channelA_2024-05-30_12-04-34_48kHz.wav,channelA_2024-05-30_12-04-34_48kHz.wav,213,216,Whistle,0.5293897,"[0.47061029076576233, 0.5293896794319153]"
Downsampled AQUI TAMBIÉN/Tarifa 2 SYLENCE/BUENOS/channelA_2024-05-30_14-37-30_48kHz.wav,channelA_2024-05-30_14-37-30_48kHz.wav,258,261,Whistle,0.84969664,"[0.15030337870121002, 0.8496966361999512]"
Downsampled AQUI TAMBIÉN/Tarifa 2 SYLENCE/BUENOS/channelA_2024-05-30_17-32-18_48kHz.wav,channelA_2024-05-30_17-32-18_48kHz.wav,267,270,Whistle,0.56742555,"[0.43257445096969604, 0.567425549030304]"
Downsampled AQUI TAMBIÉN/Tarifa 2 SYLENCE/BUENOS/channelA_2024-05-30_23-06-54_48kHz.wav,channelA_2024-05-30_23-06-54_48kHz.wav,246,249,Whistle,0.72381485,"[0.27618518471717834, 0.723814845085144]"
Downsampled AQUI TAMBIÉN/Tarifa 2 SYLENCE/BUENOS/channelA_2024-05-30_23-06-54_48kHz.wav,channelA_2024-05-30_23-06-54_48kHz.wav,258,261,Whistle,0.65314645,"[0.3468535244464874, 0.6531464457511902]"
Downsampled AQUI TAMBIÉN/Tarifa 2 SYLENCE/BUENOS/channelA_2024-05-31_07-22-35_48kHz.wav,channelA_2024-05-31_07-22-35_48kHz.wav,255,258,Whistle,0.6264696,"[0.37353038787841797, 0.626469612121582]"
Downsampled AQUI TAMBIÉN/Tarifa 2 SYLENCE/BUENOS/channelA_2024-05-31_17-19-23_48kHz.wav,channelA_2024-05-31_17-19-23_48kHz.wav,213,216,Whistle,0.52163553,"[0.478364497423172, 0.5216355323791504]"
Downsampled AQUI TAMBIÉN/Tarifa 2 SYLENCE/BUENOS/channelA_2024-05-31_18-03-05_48kHz.wav,channelA_2024-05-31_18-03-05_48kHz.wav,258,261,Whistle,0.5067231,"[0.4932768940925598, 0.5067231059074402]"
Downsampled AQUI TAMBIÉN/Tarifa 2 SYLENCE/BUENOS/channelA_2024-06-01_01-51-54_48kHz.wav,channelA_2024-06-01_01-51-54_48kHz.wav,21,24,Whistle,0.5423503,"[0.45764976739883423, 0.5423502922058105]"
Downsampled AQUI TAMBIÉN/Tarifa 2 SYLENCE/BUENOS/channelA_2024-06-02_13-06-19_48kHz.wav,channelA_2024-06-02_13-06-19_48kHz.wav,234,237,Whistle,0.58035415,"[0.41964590549468994, 0.5803541541099548]"
Downsampled AQUI TAMBIÉN/Tarifa 2 SYLENCE/BUENOS/channelA_2024-06-02_22-44-24_48kHz.wav,channelA_2024-06-02_22-44-24_48kHz.wav,186,189,Whistle,0.9748999,"[0.025100111961364746, 0.9748998880386353]"
Downsampled AQUI TAMBIÉN/Tarifa 2 SYLENCE/BUENOS/channelA_2024-06-02_22-44-24_48kHz.wav,channelA_2024-06-02_22-44-24_48kHz.wav,189,192,Whistle,0.99810624,"[0.0018936960259452462, 0.9981062412261963]"
Downsampled AQUI TAMBIÉN/Tarifa 2 SYLENCE/BUENOS/channelA_2024-06-03_17-25-34_48kHz.wav,channelA_2024-06-03_17-25-34_48kHz.wav,147,150,Whistle,0.6183032,"[0.3816968500614166, 0.6183031797409058]"
Downsampled AQUI TAMBIÉN/Tarifa 2 SYLENCE/BUENOS/channelA_2024-06-04_11-31-12_48kHz.wav,channelA_2024-06-04_11-31-12_48kHz.wav,168,171,Whistle,0.63849354,"[0.36150646209716797, 0.638493537902832]"
Downsampled AQUI TAMBIÉN/Tarifa 2 SYLENCE/BUENOS/channelA_2024-06-04_11-31-12_48kHz.wav,channelA_2024-06-04_11-31-12_48kHz.wav,183,186,Whistle,0.70421237,"[0.29578760266304016, 0.7042123675346375]"
Downsampled AQUI TAMBIÉN/Tarifa 2 SYLENCE/BUENOS/channelA_2024-06-04_14-42-51_48kHz.wav,channelA_2024-06-04_14-42-51_48kHz.wav,213,216,Whistle,0.5480938,"[0.4519062638282776, 0.5480937957763672]"
Downsampled AQUI TAMBIÉN/Tarifa 2 SYLENCE/BUENOS/channelA_2024-06-05_03-00-44_48kHz.wav,channelA_2024-06-05_03-00-44_48kHz.wav,282,285,Whistle,0.9744767,"[0.02552330121397972, 0.97447669506073]"
Downsampled AQUI TAMBIÉN/Tarifa 2 SYLENCE/BUENOS/channelA_2024-06-05_05-48-40_48kHz.wav,channelA_2024-06-05_05-48-40_48kHz.wav,3,6,Whistle,0.53791,"[0.46209007501602173, 0.537909984588623]"
Downsampled AQUI TAMBIÉN/Tarifa 2 SYLENCE/BUENOS/channelA_2024-06-05_07-06-03_48kHz.wav,channelA_2024-06-05_07-06-03_48kHz.wav,294,297,Whistle,0.5937334,"[0.40626659989356995, 0.5937333703041077]"
Downsampled AQUI TAMBIÉN/Tarifa 2 SYLENCE/BUENOS/channelA_2024-06-05_10-05-51_48kHz.wav,channelA_2024-06-05_10-05-51_48kHz.wav,15,18,Whistle,0.64617044,"[0.3538295030593872, 0.646170437335968]"
Downsampled AQUI TAMBIÉN/Tarifa 2 SYLENCE/BUENOS/channelA_2024-06-05_18-57-06_48kHz.wav,channelA_2024-06-05_18-57-06_48kHz.wav,228,231,Whistle,0.55795026,"[0.4420497417449951, 0.5579502582550049]"
Downsampled AQUI TAMBIÉN/Tarifa 2 SYLENCE/BUENOS/channelA_2024-06-05_20-02-39_48kHz.wav,channelA_2024-06-05_20-02-39_48kHz.wav,6,9,Whistle,0.63681805,"[0.3631819784641266, 0.6368180513381958]"
Downsampled AQUI TAMBIÉN/Tarifa 2 SYLENCE/BUENOS/channelA_2024-06-06_18-03-37_48kHz.wav,channelA_2024-06-06_18-03-37_48kHz.wav,21,24,Whistle,0.6122431,"[0.387756884098053, 0.612243115901947]"
Downsampled AQUI TAMBIÉN/Tarifa 2 SYLENCE/BUENOS/channelA_2024-06-06_18-03-37_48kHz.wav,channelA_2024-06-06_18-03-37_48kHz.wav,24,27,Whistle,0.6184792,"[0.3815207779407501, 0.6184791922569275]"
Downsampled AQUI TAMBIÉN/Tarifa 2 SYLENCE/BUENOS/channelA_2024-06-06_20-04-43_48kHz.wav,channelA_2024-06-06_20-04-43_48kHz.wav,150,153,Whistle,0.58229667,"[0.4177033603191376, 0.5822966694831848]"
Downsampled AQUI TAMBIÉN/Tarifa 2 SYLENCE/BUENOS/channelA_2024-06-06_20-53-25_48kHz.wav,channelA_2024-06-06_20-53-25_48kHz.wav,192,195,Whistle,0.9600519,"[0.03994813188910484, 0.9600518941879272]"
Downsampled AQUI TAMBIÉN/Tarifa 2 SYLENCE/BUENOS/channelA_2024-06-06_20-53-25_48kHz.wav,channelA_2024-06-06_20-53-25_48kHz.wav,198,201,Whistle,0.665422,"[0.3345779776573181, 0.6654220223426819]"
Downsampled AQUI TAMBIÉN/Tarifa 2 SYLENCE/BUENOS/channelA_2024-06-06_20-53-25_48kHz.wav,channelA_2024-06-06_20-53-25_48kHz.wav,201,204,Whistle,0.99977916,"[0.00022089997946750373, 0.9997791647911072]"
Downsampled AQUI TAMBIÉN/Tarifa 2 SYLENCE/BUENOS/channelA_2024-06-06_20-53-25_48kHz.wav,channelA_2024-06-06_20-53-25_48kHz.wav,204,207,Whistle,0.9986577,"[0.0013423063792288303, 0.9986577033996582]"
Downsampled AQUI TAMBIÉN/Tarifa 2 SYLENCE/BUENOS/channelA_2024-06-06_20-53-25_48kHz.wav,channelA_2024-06-06_20-53-25_48kHz.wav,207,210,Whistle,0.994974,"[0.00502593582496047, 0.9949740171432495]"
Downsampled AQUI TAMBIÉN/Tarifa 2 SYLENCE/BUENOS/channelA_2024-06-06_23-19-31_48kHz.wav,channelA_2024-06-06_23-19-31_48kHz.wav,51,54,Whistle,0.5181779,"[0.48182207345962524, 0.5181779265403748]"
Downsampled AQUI TAMBIÉN/Tarifa 2 SYLENCE/BUENOS/channelA_2024-06-07_02-04-19_48kHz.wav,channelA_2024-06-07_02-04-19_48kHz.wav,153,156,Whistle,0.73983115,"[0.26016882061958313, 0.7398311495780945]"
Downsampled AQUI TAMBIÉN/Tarifa 2 SYLENCE/BUENOS/channelA_2024-06-07_02-04-19_48kHz.wav,channelA_2024-06-07_02-04-19_48kHz.wav,195,198,Whistle,0.88275,"[0.1172499805688858, 0.8827499747276306]"
Downsampled AQUI TAMBIÉN/Tarifa 2 SYLENCE/BUENOS/channelA_2024-06-07_16-28-17_48kHz.wav,channelA_2024-06-07_16-28-17_48kHz.wav,201,204,Whistle,0.5950013,"[0.4049987494945526, 0.5950012803077698]"
Downsampled AQUI TAMBIÉN/Tarifa 2 SYLENCE/BUENOS/channelA_2024-06-08_01-05-49_48kHz.wav,channelA_2024-06-08_01-05-49_48kHz.wav,51,54,Whistle,0.95026803,"[0.04973197355866432, 0.950268030166626]"
Downsampled AQUI TAMBIÉN/Tarifa 2 SYLENCE/BUENOS/channelA_2024-06-08_01-05-49_48kHz.wav,channelA_2024-06-08_01-05-49_48kHz.wav,54,57,Whistle,0.99600005,"[0.003999980166554451, 0.9960000514984131]"
Downsampled AQUI TAMBIÉN/Tarifa 2 SYLENCE/BUENOS/channelA_2024-06-08_09-28-22_48kHz.wav,channelA_2024-06-08_09-28-22_48kHz.wav,291,294,Whistle,0.5241251,"[0.47587481141090393, 0.5241250991821289]"
Downsampled AQUI TAMBIÉN/Tarifa 2 SYLENCE/BUENOS/channelA_2024-06-08_10-02-04_48kHz.wav,channelA_2024-06-08_10-02-04_48kHz.wav,204,207,Whistle,0.81456286,"[0.18543709814548492, 0.8145628571510315]"
Downsampled AQUI TAMBIÉN/Tarifa 2 SYLENCE/BUENOS/channelA_2024-06-08_11-12-36_48kHz.wav,channelA_2024-06-08_11-12-36_48kHz.wav,42,45,Whistle,0.53194106,"[0.46805891394615173, 0.5319410562515259]"
Downsampled AQUI TAMBIÉN/Tarifa 2 SYLENCE/BUENOS/channelA_2024-06-08_11-12-36_48kHz.wav,channelA_2024-06-08_11-12-36_48kHz.wav,180,183,Whistle,0.8025225,"[0.1974775195121765, 0.8025224804878235]"
Downsampled AQUI TAMBIÉN/Tarifa 2 SYLENCE/BUENOS/channelA_2024-06-08_11-17-36_48kHz.wav,channelA_2024-06-08_11-17-36_48kHz.wav,240,243,Whistle,0.56384647,"[0.4361535608768463, 0.5638464689254761]"
Downsampled AQUI TAMBIÉN/Tarifa 2 SYLENCE/BUENOS/channelA_2024-06-08_11-17-36_48kHz.wav,channelA_2024-06-08_11-17-36_48kHz.wav,285,288,Whistle,0.9609458,"[0.03905424848198891, 0.9609457850456238]"
Downsampled AQUI TAMBIÉN/Tarifa 2 SYLENCE/BUENOS/channelA_2024-06-08_11-24-27_48kHz.wav,channelA_2024-06-08_11-24-27_48kHz.wav,69,72,Whistle,0.8722685,"[0.12773145735263824, 0.8722684979438782]"
Downsampled AQUI TAMBIÉN/Tarifa 2 SYLENCE/BUENOS/channelA_2024-06-09_01-29-45_48kHz.wav,channelA_2024-06-09_01-29-45_48kHz.wav,198,201,Whistle,0.7121634,"[0.2878366708755493, 0.7121633887290955]"
Downsampled AQUI TAMBIÉN/Tarifa 2 SYLENCE/BUENOS/channelA_2024-06-09_01-29-45_48kHz.wav,channelA_2024-06-09_01-29-45_48kHz.wav,201,204,Whistle,0.9996978,"[0.0003022412129212171, 0.9996978044509888]"
Downsampled AQUI TAMBIÉN/Tarifa 2 SYLENCE/BUENOS/channelA_2024-06-09_01-46-36_48kHz.wav,channelA_2024-06-09_01-46-36_48kHz.wav,21,24,Whistle,0.78999096,"[0.21000909805297852, 0.7899909615516663]"
Downsampled AQUI TAMBIÉN/Tarifa 2 SYLENCE/BUENOS/channelA_2024-06-09_04-14-32_48kHz.wav,channelA_2024-06-09_04-14-32_48kHz.wav,69,72,Whistle,0.9673342,"[0.032665856182575226, 0.9673342108726501]"
Downsampled AQUI TAMBIÉN/Tarifa 2 SYLENCE/BUENOS/channelA_2024-06-09_05-30-05_48kHz.wav,channelA_2024-06-09_05-30-05_48kHz.wav,120,123,Whistle,0.6022083,"[0.39779165387153625, 0.6022083163261414]"
Downsampled AQUI TAMBIÉN/Tarifa 2 SYLENCE/BUENOS/channelA_2024-06-09_09-20-25_48kHz.wav,channelA_2024-06-09_09-20-25_48kHz.wav,129,132,Whistle,0.583273,"[0.4167270064353943, 0.5832729935646057]"
Downsampled AQUI TAMBIÉN/Tarifa 2 SYLENCE/BUENOS/channelA_2024-06-09_13-53-15_48kHz.wav,channelA_2024-06-09_13-53-15_48kHz.wav,279,282,Whistle,0.78037786,"[0.21962207555770874, 0.7803778648376465]"
Downsampled AQUI TAMBIÉN/Tarifa 2 SYLENCE/BUENOS/channelA_2024-06-09_22-10-47_48kHz.wav,channelA_2024-06-09_22-10-47_48kHz.wav,147,150,Whistle,0.70530736,"[0.29469263553619385, 0.7053073644638062]"
Downsampled AQUI TAMBIÉN/Tarifa 2 SYLENCE/BUENOS/channelA_2024-06-10_08-34-25_48kHz.wav,channelA_2024-06-10_08-34-25_48kHz.wav,267,270,Whistle,0.52120215,"[0.4787977933883667, 0.5212021470069885]"
Downsampled AQUI TAMBIÉN/Tarifa 2 SYLENCE/BUENOS/channelA_2024-06-10_12-01-04_48kHz.wav,channelA_2024-06-10_12-01-04_48kHz.wav,39,42,Whistle,0.6232459,"[0.37675410509109497, 0.623245894908905]"
Downsampled AQUI TAMBIÉN/Tarifa 2 SYLENCE/BUENOS/channelA_2024-06-11_07-45-57_48kHz.wav,channelA_2024-06-11_07-45-57_48kHz.wav,189,192,Whistle,0.7312187,"[0.2687813341617584, 0.731218695640564]"
Downsampled AQUI TAMBIÉN/Tarifa 2 SYLENCE/BUENOS/channelA_2024-06-11_07-45-57_48kHz.wav,channelA_2024-06-11_07-45-57_48kHz.wav,192,195,Whistle,0.60855293,"[0.3914470374584198, 0.6085529327392578]"
Downsampled AQUI TAMBIÉN/Tarifa 2 SYLENCE/BUENOS/channelA_2024-06-11_09-57-03_48kHz.wav,channelA_2024-06-11_09-57-03_48kHz.wav,213,216,Whistle,0.51158935,"[0.48841068148612976, 0.5115893483161926]"
Downsampled AQUI TAMBIÉN/Tarifa 2 SYLENCE/BUENOS/channelA_2024-06-11_10-35-44_48kHz.wav,channelA_2024-06-11_10-35-44_48kHz.wav,228,231,Whistle,0.5521903,"[0.44780969619750977, 0.5521903038024902]"
Downsampled AQUI TAMBIÉN/Tarifa 2 SYLENCE/BUENOS/channelA_2024-06-11_14-46-04_48kHz.wav,channelA_2024-06-11_14-46-04_48kHz.wav,51,54,Whistle,0.598634,"[0.4013660252094269, 0.5986340045928955]"
Downsampled AQUI TAMBIÉN/Tarifa 2 SYLENCE/BUENOS/channelA_2024-06-11_16-52-10_48kHz.wav,channelA_2024-06-11_16-52-10_48kHz.wav,150,153,Whistle,0.6838088,"[0.31619125604629517, 0.6838088035583496]"
Downsampled AQUI TAMBIÉN/Tarifa 2 SYLENCE/BUENOS/channelA_2024-06-12_00-47-52_48kHz.wav,channelA_2024-06-12_00-47-52_48kHz.wav,186,189,Whistle,0.7056718,"[0.2943282127380371, 0.7056717872619629]"
Downsampled AQUI TAMBIÉN/Tarifa 2 SYLENCE/BUENOS/channelA_2024-06-12_06-49-18_48kHz.wav,channelA_2024-06-12_06-49-18_48kHz.wav,27,30,Whistle,0.5346868,"[0.465313196182251, 0.534686803817749]"
Downsampled AQUI TAMBIÉN/Tarifa 2 SYLENCE/BUENOS/channelA_2024-06-12_11-09-39_48kHz.wav,channelA_2024-06-12_11-09-39_48kHz.wav,108,111,Whistle,0.68382543,"[0.3161746561527252, 0.6838254332542419]"
Downsampled AQUI TAMBIÉN/Tarifa 2 SYLENCE/BUENOS/channelA_2024-06-12_11-26-30_48kHz.wav,channelA_2024-06-12_11-26-30_48kHz.wav,147,150,Whistle,0.6765786,"[0.3234214186668396, 0.6765785813331604]"
Downsampled AQUI TAMBIÉN/Tarifa 2 SYLENCE/BUENOS/channelA_2024-06-12_11-26-30_48kHz.wav,channelA_2024-06-12_11-26-30_48kHz.wav,171,174,Whistle,0.8757663,"[0.12423369288444519, 0.8757662773132324]"
Downsampled AQUI TAMBIÉN/Tarifa 2 SYLENCE/BUENOS/channelA_2024-06-12_11-26-30_48kHz.wav,channelA_2024-06-12_11-26-30_48kHz.wav,183,186,Whistle,0.55241185,"[0.4475882053375244, 0.5524118542671204]"
Downsampled AQUI TAMBIÉN/Tarifa 2 SYLENCE/BUENOS/channelA_2024-06-12_11-26-30_48kHz.wav,channelA_2024-06-12_11-26-30_48kHz.wav,192,195,Whistle,0.6305942,"[0.36940574645996094, 0.6305941939353943]"
Downsampled AQUI TAMBIÉN/Tarifa 2 SYLENCE/BUENOS/channelA_2024-06-12_16-00-33_48kHz.wav,channelA_2024-06-12_16-00-33_48kHz.wav,108,111,Whistle,0.61930895,"[0.3806910216808319, 0.6193089485168457]"
Downsampled AQUI TAMBIÉN/Tarifa 2 SYLENCE/BUENOS/channelA_2024-06-12_16-15-33_48kHz.wav,channelA_2024-06-12_16-15-33_48kHz.wav,27,30,Whistle,0.57843906,"[0.42156097292900085, 0.5784390568733215]"
Downsampled AQUI TAMBIÉN/Tarifa 2 SYLENCE/BUENOS/channelA_2024-06-12_16-15-33_48kHz.wav,channelA_2024-06-12_16-15-33_48kHz.wav,36,39,Whistle,0.61495405,"[0.38504597544670105, 0.6149540543556213]"
Downsampled AQUI TAMBIÉN/Tarifa 2 SYLENCE/BUENOS/channelA_2024-06-12_16-15-33_48kHz.wav,channelA_2024-06-12_16-15-33_48kHz.wav,42,45,Whistle,0.6065586,"[0.393441379070282, 0.606558620929718]"
Downsampled AQUI TAMBIÉN/Tarifa 2 SYLENCE/BUENOS/channelA_2024-06-12_16-15-33_48kHz.wav,channelA_2024-06-12_16-15-33_48kHz.wav,66,69,Whistle,0.55201787,"[0.44798219203948975, 0.552017867565155]"
